"Zeitstempel","Do you agree to the above terms? By clicking ‘I agree’ below, you consent that you are willing to answer the questions in this survey.","What is your Prolific ID?","How old are you? Fill in years in number (e.g., 28)","How would you describe your gender?","What is your nationality? Fill in all of them separated with commas, if multiple (e.g., ""German, Greek"").","In which country did you grow up, i.e., born in and/or spent most of your childhood? E.g., ""U.S.A.""","Which country would you account as your home-place, i.e., live in or spent most of your lifetime?  E.g., ""Germany"".","How familiar are you with Artificial Intelligence (AI)?","Have you heard of the term ""Explainable AI""?"
"2023/05/18 11:17:43 AM OESZ","I agree","5eff00434e0633023ab50cd6@email.prolific.co","27","Female","South African","South Africa","South Africa","2","Yes"
"2023/05/18 11:22:51 AM OESZ","I agree","607717eaae6e81fa5a889d7f","32","Female","South African ","South Africa","South Africa","2","No"
"2023/05/18 11:35:30 AM OESZ","I agree","5eff00434e0633023ab50cd6@email.prolific.co","27","Female","South African","South African","South African","2","Yes"
"2023/05/18 11:49:49 AM OESZ","I agree","611d0021478df0cd072e35bb","27","Female","South African","South Africa","South Africa","4","Yes"
"2023/05/18 12:27:38 PM OESZ","I agree","61715a02a3c88f5fb082a424","32","Female","South African","South Africa","South Africa","3","No"
"2023/05/18 1:24:01 PM OESZ","I agree","615cc11e1f9805f0282b1b12","22","Male","South African","South Africa","South Africa","3","No"
"2023/05/18 1:45:10 PM OESZ","I agree","59646f5198cf77000106feb1","46","Female","British","United Kingdom","United Kingdom","5","Yes"